{"cameraMode":{"drawMode":0,"name":"Shaded","section":"Shading Mode"},"sceneLighting":false,"audioPlay":false,"sceneViewState":{"m_AlwaysRefresh":false,"showFog":true,"showSkybox":false,"showFlares":true,"showImageEffects":true,"showParticleSystems":true,"showVisualEffectGraphs":true,"m_FxEnabled":true},"in2DMode":false,"pivot":{"x":0.08877992630004883,"y":0.4248929023742676,"z":0.27179479598999026},"rotation":{"x":0.007032931782305241,"y":-0.761134922504425,"z":-0.007803640328347683,"w":-0.6487737894058228},"size":2.077022075653076,"orthographic":false}