{"cameraMode":{"drawMode":0,"name":"Shaded","section":"Shading Mode"},"sceneLighting":false,"audioPlay":false,"sceneViewState":{"m_AlwaysRefresh":false,"showFog":true,"showSkybox":false,"showFlares":true,"showImageEffects":true,"showParticleSystems":true,"showVisualEffectGraphs":true,"m_FxEnabled":true},"in2DMode":false,"pivot":{"x":70.09217834472656,"y":3.6791820526123049,"z":8.547103881835938},"rotation":{"x":0.054991886019706729,"y":0.3390273153781891,"z":-0.019855743274092675,"w":0.9389584064483643},"size":41.284603118896487,"orthographic":false}