{"cameraMode":{"drawMode":0,"name":"Shaded","section":"Shading Mode"},"sceneLighting":false,"audioPlay":false,"sceneViewState":{"m_AlwaysRefresh":false,"showFog":false,"showSkybox":false,"showFlares":false,"showImageEffects":false,"showParticleSystems":false,"showVisualEffectGraphs":true,"m_FxEnabled":true},"in2DMode":false,"pivot":{"x":-0.39398428797721865,"y":0.09235873818397522,"z":-0.31759658455848696},"rotation":{"x":-0.01427356619387865,"y":-0.984967052936554,"z":0.09931719303131104,"w":-0.14104455709457398},"size":1.428486943244934,"orthographic":false}