{"cameraMode":{"drawMode":0,"name":"Shaded","section":"Shading Mode"},"sceneLighting":false,"audioPlay":false,"sceneViewState":{"m_AlwaysRefresh":false,"showFog":true,"showSkybox":false,"showFlares":true,"showImageEffects":true,"showParticleSystems":true,"showVisualEffectGraphs":true,"m_FxEnabled":true},"in2DMode":false,"pivot":{"x":-3.444538116455078,"y":-1.1821458339691163,"z":-0.024941764771938325},"rotation":{"x":0.1345859318971634,"y":-0.005945361219346523,"z":0.000807550793979317,"w":0.9908846020698547},"size":1.676039457321167,"orthographic":false}