{"cameraMode":{"drawMode":0,"name":"Shaded","section":"Shading Mode"},"sceneLighting":false,"audioPlay":false,"sceneViewState":{"m_AlwaysRefresh":false,"showFog":true,"showSkybox":false,"showFlares":true,"showImageEffects":true,"showParticleSystems":true,"showVisualEffectGraphs":true,"m_FxEnabled":true},"in2DMode":false,"pivot":{"x":-0.8101303577423096,"y":2.0181288719177248,"z":-1.4694393873214722},"rotation":{"x":0.1931062638759613,"y":0.6774272322654724,"z":-0.19040822982788087,"w":0.6844409704208374},"size":1.4605309963226319,"orthographic":false}