{"cameraMode":{"drawMode":0,"name":"Shaded","section":"Shading Mode"},"sceneLighting":false,"audioPlay":false,"sceneViewState":{"m_AlwaysRefresh":false,"showFog":true,"showSkybox":false,"showFlares":true,"showImageEffects":true,"showParticleSystems":true,"showVisualEffectGraphs":true,"m_FxEnabled":true},"in2DMode":false,"pivot":{"x":10.982450485229493,"y":9.981128692626954,"z":-12.433122634887696},"rotation":{"x":0.5647324919700623,"y":-0.03957657143473625,"z":0.027128005400300027,"w":0.8238783478736877},"size":14.71619987487793,"orthographic":false}