{"cameraMode":{"drawMode":0,"name":"Shaded","section":"Shading Mode"},"sceneLighting":false,"audioPlay":false,"sceneViewState":{"m_AlwaysRefresh":false,"showFog":true,"showSkybox":false,"showFlares":true,"showImageEffects":true,"showParticleSystems":true,"showVisualEffectGraphs":true,"m_FxEnabled":true},"in2DMode":false,"pivot":{"x":733.6322021484375,"y":293.2849426269531,"z":-1.1981582641601563},"rotation":{"x":0.13141891360282899,"y":0.054393164813518527,"z":-0.007222027983516455,"w":0.9898081421852112},"size":393.2088317871094,"orthographic":false}