{"cameraMode":{"drawMode":0,"name":"Shaded","section":"Shading Mode"},"sceneLighting":false,"audioPlay":false,"sceneViewState":{"m_AlwaysRefresh":false,"showFog":true,"showSkybox":false,"showFlares":true,"showImageEffects":true,"showParticleSystems":true,"showVisualEffectGraphs":true,"m_FxEnabled":true},"in2DMode":false,"pivot":{"x":40.915443420410159,"y":2.112567663192749,"z":-17.067014694213868},"rotation":{"x":0.0003482951724436134,"y":-0.9985878467559815,"z":-0.007491741329431534,"w":-0.053711507469415668},"size":12.9155855178833,"orthographic":false}