{"cameraMode":{"drawMode":0,"name":"Shaded","section":"Shading Mode"},"sceneLighting":false,"audioPlay":false,"sceneViewState":{"m_AlwaysRefresh":false,"showFog":true,"showSkybox":false,"showFlares":true,"showImageEffects":true,"showParticleSystems":true,"showVisualEffectGraphs":true,"m_FxEnabled":true},"in2DMode":false,"pivot":{"x":25.39042091369629,"y":15.633586883544922,"z":22.201902389526368},"rotation":{"x":0.04538148269057274,"y":0.7729294300079346,"z":-0.055823907256126407,"w":0.630549430847168},"size":1.7924801111221314,"orthographic":true}