{"cameraMode":{"drawMode":0,"name":"Shaded","section":"Shading Mode"},"sceneLighting":true,"audioPlay":false,"sceneViewState":{"m_AlwaysRefresh":false,"showFog":true,"showSkybox":true,"showFlares":true,"showImageEffects":true,"showParticleSystems":true,"showVisualEffectGraphs":true,"m_FxEnabled":true},"in2DMode":false,"pivot":{"x":42.86500549316406,"y":25.529197692871095,"z":-12.93386459350586},"rotation":{"x":0.011991945095360279,"y":-0.035989657044410709,"z":0.00043189554708078504,"w":0.9992803335189819},"size":37.00691223144531,"orthographic":false}