{"cameraMode":{"drawMode":0,"name":"Shaded","section":"Shading Mode"},"sceneLighting":true,"audioPlay":false,"sceneViewState":{"m_AlwaysRefresh":false,"showFog":true,"showSkybox":true,"showFlares":true,"showImageEffects":true,"showParticleSystems":true,"showVisualEffectGraphs":true,"m_FxEnabled":true},"in2DMode":false,"pivot":{"x":17.385717391967775,"y":39.90459442138672,"z":-89.15809631347656},"rotation":{"x":0.15201234817504884,"y":0.3301670551300049,"z":-0.05393838509917259,"w":0.9300724864006043},"size":0.016816314309835435,"orthographic":false}