{"cameraMode":{"drawMode":0,"name":"Shaded","section":"Shading Mode"},"sceneLighting":true,"audioPlay":false,"sceneViewState":{"m_AlwaysRefresh":false,"showFog":true,"showSkybox":true,"showFlares":true,"showImageEffects":true,"showParticleSystems":true,"showVisualEffectGraphs":true,"m_FxEnabled":true},"in2DMode":false,"pivot":{"x":-0.05638885498046875,"y":3.5250983238220217,"z":-12.725119590759278},"rotation":{"x":0.017059676349163057,"y":0.7030794024467468,"z":-0.01687811315059662,"w":0.7107107043266296},"size":8.99245548248291,"orthographic":false}