{"cameraMode":{"drawMode":0,"name":"Shaded","section":"Shading Mode"},"sceneLighting":true,"audioPlay":false,"sceneViewState":{"m_AlwaysRefresh":false,"showFog":true,"showSkybox":true,"showFlares":true,"showImageEffects":true,"showParticleSystems":true,"showVisualEffectGraphs":true,"m_FxEnabled":true},"in2DMode":false,"pivot":{"x":78.93768310546875,"y":6.787667274475098,"z":-11.129578590393067},"rotation":{"x":0.09103769063949585,"y":-0.6630070209503174,"z":0.07126782834529877,"w":0.7410745620727539},"size":10.770329475402832,"orthographic":false}