{"cameraMode":{"drawMode":0,"name":"Shaded","section":"Shading Mode"},"sceneLighting":true,"audioPlay":false,"sceneViewState":{"m_AlwaysRefresh":false,"showFog":true,"showSkybox":true,"showFlares":true,"showImageEffects":true,"showParticleSystems":true,"showVisualEffectGraphs":true,"m_FxEnabled":true},"in2DMode":false,"pivot":{"x":119.26191711425781,"y":-9.565540313720704,"z":-13.748441696166993},"rotation":{"x":-0.20884251594543458,"y":0.14258334040641786,"z":-0.030793165788054467,"w":-0.9670120477676392},"size":27.015274047851564,"orthographic":false}