{"cameraMode":{"drawMode":0,"name":"Shaded","section":"Shading Mode"},"sceneLighting":true,"audioPlay":false,"sceneViewState":{"m_AlwaysRefresh":false,"showFog":true,"showSkybox":true,"showFlares":true,"showImageEffects":true,"showParticleSystems":true,"showVisualEffectGraphs":true,"m_FxEnabled":true},"in2DMode":false,"pivot":{"x":70.21495056152344,"y":46.26399230957031,"z":61.539939880371097},"rotation":{"x":-0.20257627964019776,"y":0.010572710074484349,"z":-0.0021867763716727497,"w":-0.9792081117630005},"size":65.05292510986328,"orthographic":false}