{"cameraMode":{"drawMode":0,"name":"Shaded","section":"Shading Mode"},"sceneLighting":false,"audioPlay":false,"sceneViewState":{"m_AlwaysRefresh":false,"showFog":true,"showSkybox":false,"showFlares":true,"showImageEffects":true,"showParticleSystems":true,"showVisualEffectGraphs":true,"m_FxEnabled":true},"in2DMode":false,"pivot":{"x":19.69650650024414,"y":-0.14482712745666505,"z":0.2589249610900879},"rotation":{"x":0.0897769033908844,"y":0.2870820462703705,"z":-0.027041705325245858,"w":0.9533220529556274},"size":3.8405728340148927,"orthographic":false}